skills/dates,SQL,Python,azure,Networking,HTML/CSS Markup,Oracle,Linux,Cloud Architecture,Communication,aws 
2022-10-01,6,8,8,2,3,5,4,8,9,7
2022-10-02,7,7,9,8,1,9,1,8,3,5
2022-10-03,7,9,3,9,2,9,1,7,8,9
2022-10-04,6,8,5,4,3,2,3,2,4,5
2022-10-05,9,6,9,5,2,3,6,2,9,3
2022-10-06,1,8,8,6,6,1,6,5,8,6
2022-10-07,8,6,3,3,8,1,4,3,5,5
2022-10-08,2,8,5,3,6,1,1,6,6,9
2022-10-09,2,9,1,6,3,4,2,7,9,2
2022-10-10,7,6,6,8,4,3,1,6,4,4
2022-10-11,7,9,8,9,6,3,9,8,9,8
2022-10-12,9,4,6,7,2,9,4,1,7,3
2022-10-13,2,7,6,5,7,9,8,4,9,4
2022-10-14,6,6,1,5,9,6,4,5,7,6
2022-10-15,2,9,3,4,8,2,4,8,6,6
2022-10-16,5,5,7,7,9,2,8,9,1,7
2022-10-17,2,5,7,9,4,4,3,1,7,9
2022-10-18,5,1,3,3,1,7,1,8,5,8
2022-10-19,9,8,3,6,9,2,7,2,2,5
2022-10-20,3,4,1,6,8,2,4,8,6,4
2022-10-21,2,4,9,1,8,5,8,1,7,8
2022-10-22,6,6,6,9,4,3,4,9,4,2
2022-10-23,3,3,3,9,6,8,1,3,1,2
2022-10-24,4,6,8,4,4,6,8,1,3,3
2022-10-25,1,5,8,6,1,7,6,8,1,5
2022-10-26,3,6,7,2,1,5,8,1,9,8
2022-10-27,1,4,7,9,5,6,4,8,7,7
2022-10-28,7,1,3,8,8,8,1,8,4,1
2022-10-29,3,9,5,9,7,8,9,6,3,2
2022-10-30,7,6,5,2,1,4,1,1,5,1
2022-10-31,9,1,2,4,5,5,4,5,3,3
2022-11-01,1,4,8,1,1,7,5,5,7,6
2022-11-02,9,5,4,5,5,6,3,8,3,8
2022-11-03,9,9,3,7,2,7,6,4,5,6
