skills/dates,Java,python,Networking,angular,javascript,c++,Azure,Front End,Pandas,sql
2022-10-01,4,1,1,5,5,6,9,6,7,3
2022-10-02,2,5,4,6,2,6,5,6,4,5
2022-10-03,1,3,8,9,1,1,6,4,9,6
2022-10-04,8,3,1,1,7,8,8,4,8,3
2022-10-05,6,4,8,3,3,5,7,6,8,5
2022-10-06,5,4,6,7,1,9,1,5,9,3
2022-10-07,2,7,4,3,6,5,5,9,3,7
2022-10-08,2,8,5,2,8,5,8,4,1,6
2022-10-09,4,5,3,1,6,2,1,4,3,7
2022-10-10,8,7,8,3,9,5,7,8,1,2
2022-10-11,1,9,2,5,5,1,8,2,4,6
2022-10-12,2,1,7,6,6,2,6,8,4,7
2022-10-13,1,6,8,1,9,4,8,8,4,3
2022-10-14,8,3,6,1,4,3,7,9,3,9
2022-10-15,3,9,3,6,7,9,9,7,4,4
2022-10-16,2,7,3,1,9,3,3,6,5,4
2022-10-17,7,2,5,4,4,4,9,5,9,2
2022-10-18,8,2,1,3,8,8,1,9,6,3
2022-10-19,6,3,4,5,7,9,1,2,9,8
2022-10-20,9,5,6,8,9,4,1,1,3,8
2022-10-21,5,2,2,7,2,9,1,3,6,8
2022-10-22,9,4,3,8,7,9,5,9,1,2
2022-10-23,7,3,9,4,6,3,5,6,4,6
2022-10-24,9,6,2,3,6,8,8,6,5,6
2022-10-25,2,1,3,2,1,1,8,2,2,7
2022-10-26,3,5,2,3,1,8,4,7,2,5
2022-10-27,8,5,7,2,2,7,1,5,7,7
2022-10-28,9,4,3,1,3,5,7,2,2,3
2022-10-29,5,9,5,8,5,4,6,1,6,8
2022-10-30,9,5,1,5,8,2,6,4,4,3
2022-10-31,7,9,6,3,5,5,2,7,4,6
2022-11-01,6,7,6,1,4,7,7,2,7,8
2022-11-02,1,2,7,9,4,8,2,6,1,2
2022-11-03,6,6,8,4,7,1,4,6,7,8
