skills/dates,MCSE,MPLS,LAN,Linux,networking,Perl,Network troubleshooting,Javascript,Python,ORCAD
2022-10-01,2,1,5,2,6,2,7,1,5,3
2022-10-02,6,4,2,7,7,7,1,5,5,9
2022-10-03,6,3,3,6,6,6,2,8,3,2
2022-10-04,4,4,1,4,8,7,6,9,6,4
2022-10-05,1,2,9,6,9,2,4,2,5,1
2022-10-06,9,2,7,4,3,6,7,3,2,8
2022-10-07,2,4,9,9,1,7,6,4,5,6
2022-10-08,7,3,3,5,2,8,6,5,2,6
2022-10-09,6,5,9,5,4,6,3,5,3,9
2022-10-10,4,9,7,9,1,2,8,6,8,7
2022-10-11,8,5,5,1,2,5,5,4,8,1
2022-10-12,4,4,2,3,6,9,7,6,8,6
2022-10-13,6,3,8,3,8,6,5,5,5,3
2022-10-14,4,7,4,2,1,3,8,3,8,3
2022-10-15,2,9,8,1,1,5,3,3,6,3
2022-10-16,9,6,2,7,6,5,9,7,6,7
2022-10-17,9,2,6,7,5,6,8,4,3,9
2022-10-18,7,9,4,6,3,8,1,3,9,1
2022-10-19,3,3,1,9,4,2,2,1,8,7
2022-10-20,4,3,8,3,1,3,5,3,5,1
2022-10-21,3,7,4,9,1,3,9,4,3,9
2022-10-22,2,5,9,7,5,9,6,8,5,3
2022-10-23,2,9,5,6,6,8,3,7,4,9
2022-10-24,7,4,8,4,5,2,4,5,2,8
2022-10-25,2,5,5,4,8,5,5,8,7,1
2022-10-26,2,7,4,2,7,5,9,2,5,3
2022-10-27,7,8,4,6,2,6,8,6,3,5
2022-10-28,8,6,1,5,1,7,1,2,6,3
2022-10-29,3,1,3,3,2,5,2,3,3,7
2022-10-30,1,7,7,3,8,6,9,8,8,9
2022-10-31,5,9,3,6,5,7,4,6,9,7
2022-11-01,4,7,1,9,1,3,5,4,4,7
2022-11-02,8,6,3,8,4,7,9,6,6,5
2022-11-03,7,6,7,5,1,7,4,8,6,4
