skills/dates,Linux,aws,Unix,Oracle,Python,Maven,Java,Cloud,Devops,Scrum
2022-10-01,6,4,6,1,7,3,4,2,8,6
2022-10-02,2,9,3,1,2,7,6,7,1,1
2022-10-03,5,4,8,6,6,8,1,1,1,5
2022-10-04,6,9,2,6,1,7,9,1,7,4
2022-10-05,9,2,6,3,4,9,3,7,2,3
2022-10-06,7,7,9,9,3,2,2,1,1,1
2022-10-07,6,1,1,9,9,6,1,2,2,2
2022-10-08,6,5,1,1,8,9,9,1,9,5
2022-10-09,6,3,9,6,2,9,2,9,1,3
2022-10-10,5,2,7,3,5,2,2,2,6,1
2022-10-11,6,9,5,3,9,1,6,2,3,4
2022-10-12,9,6,3,7,2,7,1,6,4,2
2022-10-13,3,3,8,9,2,1,8,5,4,6
2022-10-14,5,8,9,7,9,8,5,4,5,6
2022-10-15,2,9,8,4,6,4,9,3,9,1
2022-10-16,1,6,3,6,1,5,7,2,1,8
2022-10-17,3,9,9,8,9,3,5,4,6,3
2022-10-18,5,5,4,4,4,4,7,6,3,5
2022-10-19,5,5,4,3,6,6,2,8,9,1
2022-10-20,9,7,5,2,5,8,4,1,9,9
2022-10-21,3,7,3,2,8,2,5,4,6,2
2022-10-22,8,5,7,6,7,7,8,3,9,3
2022-10-23,3,1,7,1,6,1,1,2,1,4
2022-10-24,5,2,6,3,3,2,1,1,6,1
2022-10-25,2,8,5,1,9,3,4,3,4,7
2022-10-26,6,2,8,1,2,7,8,4,5,2
2022-10-27,9,7,3,1,9,1,2,6,8,7
2022-10-28,1,1,1,4,8,8,4,9,2,2
2022-10-29,2,9,9,6,6,6,1,3,9,9
2022-10-30,7,3,6,3,4,9,3,8,7,7
2022-10-31,3,7,9,4,5,8,8,7,1,6
2022-11-01,3,9,4,1,6,5,7,3,5,7
2022-11-02,4,2,2,1,8,4,9,4,1,2
2022-11-03,8,2,2,8,3,5,6,7,7,6
