skills/dates,Management,NoSQL,Linux,RDBMS,SQL,aws,sql,data security,Data analysis,azure
2022-10-01,6,6,7,8,1,9,6,1,6,9
2022-10-02,8,4,3,4,2,8,9,8,2,7
2022-10-03,6,3,6,9,3,1,3,6,1,6
2022-10-04,6,6,7,2,5,3,6,3,6,5
2022-10-05,1,8,6,5,3,1,9,8,3,3
2022-10-06,1,6,2,8,3,9,4,6,1,4
2022-10-07,9,1,8,2,7,7,9,1,8,9
2022-10-08,6,4,2,2,8,3,2,6,5,9
2022-10-09,8,6,5,9,9,6,5,6,5,1
2022-10-10,1,8,9,6,1,5,9,2,8,5
2022-10-11,1,2,1,3,6,7,1,4,7,4
2022-10-12,5,7,4,5,3,2,3,7,5,7
2022-10-13,1,8,3,7,5,1,6,4,2,6
2022-10-14,2,9,1,2,5,1,4,5,7,5
2022-10-15,2,1,8,7,4,6,8,7,5,4
2022-10-16,7,5,5,3,1,5,3,9,3,5
2022-10-17,3,6,7,2,9,1,9,6,5,2
2022-10-18,8,3,1,9,3,2,2,4,1,6
2022-10-19,8,1,4,4,3,9,3,3,1,4
2022-10-20,2,9,7,5,9,8,6,3,8,2
2022-10-21,8,4,4,4,4,5,4,4,6,7
2022-10-22,7,4,3,4,2,8,1,9,2,3
2022-10-23,8,4,4,9,2,2,5,1,5,5
2022-10-24,3,2,7,5,8,1,4,1,8,4
2022-10-25,2,5,5,9,5,7,9,9,2,6
2022-10-26,5,6,4,1,4,7,6,8,9,8
2022-10-27,5,1,5,4,9,9,4,7,1,2
2022-10-28,9,3,9,5,7,6,8,1,8,2
2022-10-29,2,5,3,7,1,9,9,6,7,9
2022-10-30,5,1,2,7,7,7,2,6,1,1
2022-10-31,5,4,7,6,5,1,1,6,2,7
2022-11-01,7,2,4,5,1,8,2,6,8,8
2022-11-02,4,6,8,5,3,4,9,7,6,3
2022-11-03,6,6,6,9,9,7,3,8,1,2
