skills/dates,Agile,Azure,SQL,Angular,Java,JavaScript,AWS,HTML,DevOps,CSS
10/1/2022,8,1,2,4,3,7,9,8,9,8
10/2/2022,3,1,2,3,7,6,8,3,7,1
10/3/2022,7,3,5,9,9,4,6,1,1,9
10/4/2022,6,7,2,2,6,4,6,3,9,5
10/5/2022,7,1,2,3,8,1,9,2,6,7
10/6/2022,8,2,7,4,2,8,5,6,2,6
10/7/2022,6,8,2,7,9,6,3,8,9,1
10/8/2022,1,9,3,1,3,6,4,7,2,2
10/9/2022,9,6,3,3,3,4,2,4,9,0
10/10/2022,5,9,7,4,7,8,3,2,7,0
10/11/2022,3,7,1,3,5,9,6,8,5,0
10/12/2022,1,5,1,8,8,9,8,5,9,0
10/13/2022,7,1,2,3,1,3,4,1,1,0
10/14/2022,6,6,3,2,2,8,5,6,2,0
10/15/2022,5,4,3,1,5,9,2,5,2,0
10/16/2022,8,6,7,9,7,6,5,3,7,0
10/17/2022,5,8,9,1,2,4,1,4,7,0
10/18/2022,1,7,2,8,1,9,6,6,5,0
10/19/2022,3,4,9,5,2,2,4,5,5,0
10/20/2022,1,9,2,3,9,9,5,2,6,7
10/21/2022,6,3,5,9,2,5,7,9,6,8
10/22/2022,2,1,6,7,9,2,6,8,8,9
10/23/2022,9,1,2,3,6,8,5,9,4,7
10/24/2022,7,1,9,4,1,8,6,1,5,1
10/25/2022,2,2,5,6,6,4,2,9,9,7
10/26/2022,2,1,4,8,4,8,6,3,3,6
10/27/2022,7,8,1,4,4,2,5,1,1,6
10/28/2022,1,5,5,4,1,6,3,8,3,4
10/29/2022,3,3,9,2,5,8,3,6,2,5
10/30/2022,4,5,4,5,2,6,4,6,7,8
10/31/2022,8,3,3,1,6,6,4,6,3,5
11/1/2022,1,1,2,8,7,9,5,8,2,4
11/2/2022,4,9,7,5,4,1,7,3,2,2
11/3/2022,7,9,5,1,7,3,6,7,7,6
