skills/dates,Python,Routing,Cisco,Perl,Aruba,HTML,C++,Agile,VPN,Linux
2022-10-01,4,3,5,8,2,2,2,1,9,3
2022-10-02,8,4,6,4,6,9,2,8,2,7
2022-10-03,7,2,3,7,1,6,1,9,9,1
2022-10-04,2,7,1,5,9,9,3,1,2,8
2022-10-05,7,7,4,4,3,9,5,5,8,8
2022-10-06,4,6,8,2,4,5,1,9,5,2
2022-10-07,6,2,8,7,5,2,1,7,4,8
2022-10-08,3,1,7,5,2,9,7,4,7,4
2022-10-09,6,2,6,4,6,2,7,9,8,2
2022-10-10,8,7,4,1,1,6,7,7,6,2
2022-10-11,7,3,8,8,8,6,7,9,6,1
2022-10-12,3,4,7,4,7,4,7,5,4,4
2022-10-13,7,9,3,3,3,3,5,5,1,8
2022-10-14,2,2,8,1,1,3,2,4,2,6
2022-10-15,2,9,9,2,7,5,1,9,7,1
2022-10-16,4,5,3,4,6,4,2,2,1,9
2022-10-17,7,7,6,1,9,8,2,2,3,6
2022-10-18,6,9,1,9,8,9,8,9,4,7
2022-10-19,7,3,2,5,9,6,9,9,7,4
2022-10-20,5,5,9,5,6,7,7,4,6,9
2022-10-21,9,4,9,6,2,4,4,1,6,1
2022-10-22,5,1,6,5,8,7,8,1,6,3
2022-10-23,6,7,8,4,1,4,5,8,8,6
2022-10-24,6,6,2,2,3,4,4,9,6,6
2022-10-25,4,4,1,3,7,6,6,1,9,2
2022-10-26,8,4,9,7,5,3,4,9,2,1
2022-10-27,2,6,4,2,8,7,5,3,2,5
2022-10-28,5,8,9,6,1,8,6,5,3,8
2022-10-29,3,1,2,2,1,9,3,1,7,2
2022-10-30,7,6,2,8,1,7,5,7,9,1
2022-10-31,7,6,8,1,3,3,6,7,5,5
2022-11-01,4,1,8,3,6,8,3,3,3,6
2022-11-02,2,6,9,5,7,1,1,4,1,7
2022-11-03,1,3,6,6,2,1,9,1,5,7
