skills/dates,Css,PHP,Ajax,Javascript,html,jquery,MySQL,Linux,Apache,Node.Js
2022-10-01,6,9,6,3,7,9,7,1,7,5
2022-10-02,5,7,6,7,6,1,5,8,4,5
2022-10-03,6,6,8,6,8,8,3,9,6,7
2022-10-04,6,5,4,7,8,2,6,1,7,4
2022-10-05,4,5,4,1,7,2,4,8,9,2
2022-10-06,4,2,4,4,3,8,2,9,6,7
2022-10-07,6,9,6,6,2,2,4,4,8,2
2022-10-08,2,2,7,7,9,5,6,7,8,1
2022-10-09,1,8,6,9,3,5,5,9,6,8
2022-10-10,3,3,7,8,1,7,5,5,8,2
2022-10-11,6,2,4,2,7,2,1,7,3,4
2022-10-12,9,9,8,8,6,9,1,8,7,8
2022-10-13,2,5,7,1,8,8,7,3,3,8
2022-10-14,9,3,4,1,5,3,5,9,2,9
2022-10-15,8,4,8,5,9,1,2,8,3,8
2022-10-16,5,5,4,5,2,8,9,9,4,3
2022-10-17,2,9,1,7,5,9,8,7,7,2
2022-10-18,9,1,8,9,4,8,5,7,9,9
2022-10-19,5,1,1,7,7,3,8,7,6,9
2022-10-20,1,5,1,2,1,4,4,1,9,8
2022-10-21,2,1,9,3,2,7,4,1,5,2
2022-10-22,2,2,8,5,2,9,3,4,1,9
2022-10-23,5,1,2,3,3,8,1,3,8,3
2022-10-24,1,4,1,8,8,5,1,4,6,6
2022-10-25,6,1,7,3,7,2,3,8,8,5
2022-10-26,7,6,5,5,9,2,1,8,5,7
2022-10-27,7,3,8,6,8,6,9,1,8,1
2022-10-28,9,7,9,5,3,4,5,7,1,2
2022-10-29,6,1,5,9,2,8,5,1,7,6
2022-10-30,2,3,1,9,3,6,4,8,9,5
2022-10-31,4,1,3,4,7,1,8,6,9,4
2022-11-01,5,6,1,9,7,5,4,3,2,9
2022-11-02,4,8,8,2,2,2,9,9,5,1
2022-11-03,3,3,5,2,1,8,1,9,3,2
