skills/dates,10/26/2022,Site Reliability Engineer,Azure,AWS,Python,Java,DevOps,Javascript,Linux,Debugging,c++
2022-10-01,8,5,7,1,5,8,3,4,4,1,
2022-10-02,4,6,1,1,7,9,1,1,4,6,
2022-10-03,7,1,2,1,5,8,7,3,8,1,
2022-10-04,2,6,3,5,9,1,1,1,2,1,
2022-10-05,4,2,2,5,5,8,5,3,3,2,
2022-10-06,5,8,3,5,4,7,5,2,5,5,
2022-10-07,3,6,5,5,9,7,9,4,3,1,
2022-10-08,1,4,9,3,1,9,2,6,1,3,
2022-10-09,2,1,8,1,1,8,6,5,2,1,
2022-10-10,8,4,3,7,6,9,1,1,6,9,
2022-10-11,2,3,6,5,5,2,3,7,3,2,
2022-10-12,6,6,9,6,5,7,3,2,8,7,
2022-10-13,3,4,1,8,3,4,2,4,2,5,
2022-10-14,7,4,3,2,8,8,9,4,3,7,
2022-10-15,5,9,2,5,6,4,3,4,1,2,
2022-10-16,2,2,9,3,3,3,7,8,2,2,
2022-10-17,1,7,5,4,3,6,6,3,6,1,
2022-10-18,2,7,7,7,4,7,1,4,1,5,
2022-10-19,2,2,2,9,3,7,4,7,9,6,
2022-10-20,5,7,5,2,1,5,5,8,9,5,
2022-10-21,3,5,2,9,8,5,8,1,5,7,
2022-10-22,3,5,2,3,8,3,8,9,8,1,
2022-10-23,8,6,3,6,1,9,5,4,4,3,
2022-10-24,2,5,5,9,9,8,2,8,1,6,
2022-10-25,5,3,4,7,2,4,3,5,6,9,
2022-10-26,9,8,9,7,5,2,6,7,9,8,
2022-10-27,9,6,7,2,6,6,5,1,4,7,
2022-10-28,1,7,4,8,1,3,8,8,4,9,
2022-10-29,7,5,8,6,7,3,3,7,4,1,
2022-10-30,7,3,2,4,1,2,4,5,5,2,
2022-10-31,9,2,5,2,3,9,3,4,5,8,
2022-11-01,9,1,5,9,6,6,6,9,8,2,
2022-11-02,4,7,2,5,1,5,2,5,5,1,
2022-11-03,5,8,8,4,4,7,6,3,1,5,
