skills/dates,Software Applications Architect,Azure,NoSQL,SQL,Agile,Linux,Architecture,Javascript,Python,c++
2022-10-01,7,6,1,6,8,9,6,4,4,4
2022-10-02,9,4,4,5,1,7,2,8,7,2
2022-10-03,4,2,6,4,9,9,6,9,7,8
2022-10-04,8,7,7,3,7,5,7,6,7,2
2022-10-05,3,6,6,1,5,6,7,4,5,1
2022-10-06,5,6,8,2,8,9,3,3,6,5
2022-10-07,5,8,5,8,6,1,6,7,7,8
2022-10-08,4,3,4,3,9,5,8,8,4,4
2022-10-09,8,9,8,1,7,2,4,5,4,5
2022-10-10,6,3,8,6,2,7,5,1,3,9
2022-10-11,6,3,2,6,8,7,1,5,3,5
2022-10-12,8,8,7,7,4,5,4,3,2,9
2022-10-13,5,7,6,4,1,8,4,6,3,5
2022-10-14,1,4,4,4,6,7,3,1,7,3
2022-10-15,7,5,8,8,6,6,6,9,5,6
2022-10-16,8,9,6,3,7,2,5,9,8,4
2022-10-17,8,8,6,1,5,2,1,6,7,9
2022-10-18,7,7,5,6,7,6,1,1,5,9
2022-10-19,2,8,3,8,1,7,2,2,6,1
2022-10-20,6,8,4,4,7,2,9,2,1,4
2022-10-21,5,5,4,7,8,9,4,7,1,7
2022-10-22,9,7,6,8,4,5,8,9,4,2
2022-10-23,4,4,2,8,3,8,8,9,9,5
2022-10-24,9,8,2,1,7,4,8,2,2,6
2022-10-25,8,6,1,7,9,2,2,3,3,4
2022-10-26,9,2,4,5,1,2,1,9,2,4
2022-10-27,7,2,4,9,1,6,4,3,3,5
2022-10-28,4,2,5,2,1,8,6,7,5,3
2022-10-29,7,4,4,4,5,3,1,2,7,2
2022-10-30,4,2,2,8,1,5,6,6,1,8
2022-10-31,2,5,9,1,6,5,7,6,4,4
2022-11-01,4,2,9,3,2,2,5,2,2,8
2022-11-02,4,6,4,1,1,1,6,4,3,4
2022-11-03,8,9,5,4,5,6,5,1,1,6
