skills/dates,Big Data,HTTP,Web Development,JavaScript,APEX,Ajax,Cyber Security,Oracle,HTML,C++
2022-10-01,4,5,5,5,2,4,2,1,5,5
2022-10-02,4,9,5,5,7,2,3,6,6,2
2022-10-03,2,7,3,9,3,9,7,2,9,4
2022-10-04,7,7,6,9,2,7,7,3,5,1
2022-10-05,2,4,2,4,8,5,9,3,9,1
2022-10-06,1,8,1,9,6,9,9,6,4,1
2022-10-07,6,2,4,5,5,2,6,5,1,4
2022-10-08,1,4,8,4,8,3,4,8,5,6
2022-10-09,6,5,6,6,4,1,2,4,7,6
2022-10-10,3,7,7,3,5,8,9,8,1,5
2022-10-11,5,6,7,7,5,5,6,7,3,2
2022-10-12,9,4,5,4,5,9,2,3,6,3
2022-10-13,3,3,3,3,4,3,3,4,5,1
2022-10-14,6,2,5,4,9,7,4,9,1,3
2022-10-15,7,4,1,1,9,5,1,7,3,7
2022-10-16,4,2,4,1,2,3,2,8,8,7
2022-10-17,6,5,7,7,1,3,7,9,5,7
2022-10-18,1,3,7,6,8,1,8,2,8,2
2022-10-19,4,9,5,1,1,1,5,1,1,6
2022-10-20,9,9,3,8,4,6,9,5,9,4
2022-10-21,5,6,8,7,1,8,9,4,2,3
2022-10-22,1,1,5,4,6,3,6,2,6,9
2022-10-23,6,8,8,7,3,1,6,1,4,7
2022-10-24,9,7,7,9,7,9,4,2,8,1
2022-10-25,6,3,4,3,1,4,7,5,2,3
2022-10-26,5,1,3,1,1,1,5,4,6,8
2022-10-27,4,8,1,4,7,7,2,8,2,4
2022-10-28,9,3,7,8,5,6,9,1,3,4
2022-10-29,9,1,7,7,4,3,3,4,3,9
2022-10-30,6,8,3,9,5,4,3,3,3,1
2022-10-31,1,7,7,1,6,7,5,7,8,7
2022-11-01,6,7,4,1,6,1,6,4,2,6
2022-11-02,4,3,5,3,4,8,9,6,3,5
2022-11-03,6,5,1,9,5,9,4,2,6,9
